word,vowel,class,pre_seg,fol_seg,F1,F2
change,e,BAIT,CH,N,428.1,2209.8
play,e,BAIT,L,W,462.5,1585
places,e,BAIT,L,S,391,1664.2
snakes,e,BAIT,N,K,472.7,1823
agent,e,BAIT,NA,JH,415,2076.2
ailments,e,BAIT,T,L,446.3,2116.2
way,e,BAIT,W,IH1,458.1,2052.2
way,e,BAIT,W,T,419.1,1677.9
take,e,BAIT,T,K,380.3,1948.5
game,e,BAIT,G,M,370.4,2084.8
way,e,BAIT,W,HH,425.7,1597.8
waist,e,BAIT,W,S,394.8,1712.9
surveillance,e,BAIT,V,L,468.9,2104.8
days,e,BAIT,D,Z,451.7,1874.2
am,e,BAIT,AY1,EH1,438.3,1852.4
neighborhood,e,BAIT,N,B,473.4,1935
day,e,BAIT,D,AE1,466.3,1822.5
way,e,BAIT,W,NA,502,1789.7
against,e,BAIT,G,N,432.2,1910.7
place,e,BAIT,L,S,413.1,1648.9
game,e,BAIT,G,M,444.6,2098.1
famous,e,BAIT,F,M,465,2083.2
nails,e,BAIT,N,L,443.3,2034.2
state's,e,BAIT,T,T,421,1867.3
great,e,BAIT,R,T,418.5,1595.2
way,e,BAIT,W,D,396,1642.3
made,e,BAIT,M,D,391,1996.4
arbitration,e,BAIT,R,SH,344.6,1833.3
maintain,e,BAIT,T,N,365.9,2010.6
station,e,BAIT,T,SH,420.1,1758.1
later,e,BAIT,L,T,421.6,1576.5
table,e,BAIT,T,B,400.9,1934.3
ala,e,BAIT,Z,L,471.4,1813.3
take,e,BAIT,T,K,396.8,1688.5
implementation,e,BAIT,T,SH,384.8,2031.1
a,e,BAIT,T,G,425,1775.3
great,e,BAIT,R,T,391,1810.2
k.,e,BAIT,K,T,385.1,2102.9
stale,e,BAIT,T,L,460.7,1816.6
pale,e,BAIT,P,L,474.5,1901.4
savings,e,BAIT,S,V,420.8,1768.4
way,e,BAIT,W,T,386,1639.5
a,e,BAIT,IY1,CH,369,1874.9
say,e,BAIT,S,DH,408.9,1815.2
take,e,BAIT,T,K,463.3,1874
fake,e,BAIT,F,K,424.4,1729.2
taking,e,BAIT,T,K,480.4,1838.9
taking,e,BAIT,T,K,375.4,1962.5
behave,e,BAIT,HH,V,406.3,2146.4
late,e,BAIT,L,T,410.4,1662.4
failed,e,BAIT,F,L,439.1,1842.8
a,e,BAIT,N,NA,371.9,1673.7
wailing,e,BAIT,W,L,417.1,1835.4
making,e,BAIT,M,K,415.5,1775.9
taste,e,BAIT,T,S,387.6,1990
communications,e,BAIT,K,SH,348.4,1984.7
relationships,e,BAIT,L,SH,416.1,1700.2
break,e,BAIT,R,K,389.5,1826.8
major,e,BAIT,M,JH,474,1704.4
baby,e,BAIT,B,B,407.5,1843.8
game,e,BAIT,G,M,429.4,2104.4
make,e,BAIT,M,K,429.1,2225.5
may,e,BAIT,M,W,442,1900.1
major,e,BAIT,M,JH,430,1663.3
patients,e,BAIT,P,SH,417.3,1653.1
cake,e,BAIT,K,K,428.3,1981.5
making,e,BAIT,M,K,451.6,1686
way,e,BAIT,W,T,470.1,1541.8
formation,e,BAIT,M,SH,406.4,1841.1
way,e,BAIT,W,T,467.4,1666.2
patients,e,BAIT,P,SH,362,2062
acres,e,BAIT,IY1,K,389.1,2073.5
greater,e,BAIT,R,T,396.5,1805.3
date,e,BAIT,D,T,420.8,1904.1
mistaken,e,BAIT,T,K,409.9,1841.4
tail,e,BAIT,T,L,353.7,2057.8
away,e,BAIT,W,F,414.9,1871
arabia,e,BAIT,R,B,404.7,2081
a,e,BAIT,Z,JH,403.5,1609.5
face,e,BAIT,F,S,396.1,1941
behaves,e,BAIT,HH,V,442.1,2082.3
education,e,BAIT,K,SH,375.8,2026.4
able,e,BAIT,ER1,B,434.3,1783.2
made,e,BAIT,M,D,413,2010.7
away,e,BAIT,W,EH1,427.5,1654.3
same,e,BAIT,S,M,453.2,1842.2
dangerous,e,BAIT,D,N,379.3,1999.6
playing,e,BAIT,L,IH0,436.3,1486.2
male,e,BAIT,M,L,472.7,1795.1
arranged,e,BAIT,ER0,N,452.4,1594.4
sale,e,BAIT,S,L,419.2,1959.1
available,e,BAIT,V,L,455.1,2063.4
discrimination,e,BAIT,N,SH,449.3,2023.8
placing,e,BAIT,L,S,437.7,1592.1
day,e,BAIT,D,AH0,392.6,1865.5
again,e,BAIT,G,N,366.3,1987.5
trained,e,BAIT,R,N,485.2,1914.7
grace,e,BAIT,R,S,407.7,1778.4
make,e,BAIT,M,K,413.5,1811.1
rain,e,BAIT,R,N,483,1859.4
making,e,BAIT,M,K,418.5,1865
space,e,BAIT,P,S,410.7,1760.8
create,e,BAIT,IY0,T,391.6,2005.8
space,e,BAIT,P,S,418.3,1933.3
make,e,BAIT,M,K,415.8,1774.1
made,e,BAIT,M,D,392.9,1923.5
may,e,BAIT,M,B,430.5,1977.2
daily,e,BAIT,D,L,362.7,1937.5
stains,e,BAIT,T,N,423.4,2011.8
maybe,e,BAIT,M,B,416.2,1882.5
rainbow,e,BAIT,R,N,445,1985.2
slate,e,BAIT,L,T,366.8,1680.3
made,e,BAIT,M,D,422.7,1946.8
break,e,BAIT,R,K,414.4,1693.3
information,e,BAIT,M,SH,468.7,1813.4
regular,e,BAIT,R,G,371.3,1885.2
games,e,BAIT,G,M,389.4,1978
way,e,BAIT,W,T,427.8,1854
make,e,BAIT,M,K,441.2,1875.3
way,e,BAIT,W,B,427.5,1890.9
babies,e,BAIT,B,B,376.2,1817.4
save,e,BAIT,S,V,454.6,1783.4
stages,e,BAIT,T,JH,406.5,1798.9
make,e,BAIT,M,K,413.9,1808
maple,e,BAIT,M,P,384.9,1922.3
hale,e,BAIT,HH,L,398.6,2016.1
came,e,BAIT,K,M,413.8,2132.6
made,e,BAIT,M,D,429,1971.7
available,e,BAIT,V,L,437.5,1760.4
vaguely,e,BAIT,V,G,447.8,1880.9
day,e,BAIT,D,DH,420.4,1933.5
able,e,BAIT,Z,B,371.8,1732.2
may,e,BAIT,M,N,458,1941.3
grateful,e,BAIT,R,T,382,1714.4
taylor,e,BAIT,T,L,395,1989.4
table,e,BAIT,T,B,363,2071.9
same,e,BAIT,S,M,422.9,1778.4
male,e,BAIT,M,L,394.1,1912.9
station,e,BAIT,T,SH,448.6,1667.6
later,e,BAIT,L,T,429.8,1639.8
came,e,BAIT,K,M,465.4,2093.8
framework,e,BAIT,R,M,454.7,1888.5
elaine,e,BAIT,L,N,441.5,1673.6
take,e,BAIT,T,K,428.2,1929.8
che,e,BAIT,CH,IH1,401.1,1864.8
base,e,BAIT,B,S,402.7,1664
potatoes,e,BAIT,T,T,457.9,1851.4
clay,e,BAIT,L,S,425.3,1636.6
same,e,BAIT,S,M,446.2,1796.2
way,e,BAIT,W,T,448.1,1649.5
a,e,BAIT,D,NA,489.9,1803
organizations,e,BAIT,Z,SH,358.3,1881.5
sustained,e,BAIT,T,N,456.8,2102.7
daily,e,BAIT,D,L,441.5,2030.7
train,e,BAIT,R,N,465.8,1941.8
gail,e,BAIT,G,L,433.1,1906.2
humiliation,e,BAIT,IY0,SH,392,2045
sail,e,BAIT,S,L,431.4,1756.3
wailing,e,BAIT,W,L,459.3,1677.2
stale,e,BAIT,T,L,451.9,1822.5
plan,æ,BAN,L,N,601.2,1658.7
banks,æ,BAN,B,NG,553.8,1680.7
planned,æ,BAN,L,N,479.9,1992
hanson,æ,BAN,HH,N,489.1,2011.9
candy,æ,BAN,K,N,428.7,2181.4
financial,æ,BAN,N,N,405.5,2037.6
finances,æ,BAN,N,N,445.2,2326.6
rand,æ,BAN,R,N,530.9,1919.6
hand,æ,BAN,HH,N,553.4,1939.9
standing,æ,BAN,T,N,412.7,1833.5
man,æ,BAN,M,N,518.4,1891.9
sudan,æ,BAN,D,N,530.5,1655.2
dance,æ,BAN,D,N,412.1,2284.4
families,æ,BAN,F,M,437.8,1883.2
answer,æ,BAN,IY0,N,401.1,2245.2
stand,æ,BAN,T,N,518.1,1875
began,æ,BAN,G,N,418.4,2046.4
financial,æ,BAN,N,N,455.8,2423.9
understands,æ,BAN,T,N,473.8,2324.1
stand,æ,BAN,T,N,494.2,2050.4
japan,æ,BAN,P,N,464.7,2153.8
cancel,æ,BAN,K,N,484.8,2018.1
began,æ,BAN,G,N,475.2,2006.6
management,æ,BAN,M,N,400.8,1926.4
landscape,æ,BAN,L,N,563.6,2145.4
stand,æ,BAN,T,N,473,2029.3
sand,æ,BAN,S,N,561.1,1815
hand,æ,BAN,HH,N,525.9,2120.7
cameron,æ,BAN,K,M,622.5,1843
planning,æ,BAN,L,N,543,1745.5
man,æ,BAN,M,N,564.7,1866.4
hands,æ,BAN,HH,N,501.4,2033.5
advance,æ,BAN,V,N,492.4,1751
indiana,æ,BAN,IY0,N,434.1,2119.4
understanding,æ,BAN,T,N,442.5,2019.2
hands,æ,BAN,HH,N,490,1943.2
cancer,æ,BAN,K,N,485.7,1935.3
last,æ,BAT,L,S,658.1,1389
have,æ,BAT,HH,V,428.5,1554.4
grab,æ,BAT,R,B,518.9,1506.2
relax,æ,BAT,L,K,688,1489.4
ashes,æ,BAT,IY0,SH,628.7,1649.3
cabin,æ,BAT,K,B,462.9,1764.9
tracks,æ,BAT,R,K,532.1,1498.5
at,æ,BAT,N,T,477.8,1714.1
magazine,æ,BAT,M,G,649.7,1539.7
shattered,æ,BAT,SH,T,575.8,1673.6
cash,æ,BAT,K,SH,687,1594.2
had,æ,BAT,HH,D,566.7,1693.1
action,æ,BAT,IY0,K,590.6,1651.9
have,æ,BAT,HH,V,628.2,1599.4
jackson,æ,BAT,JH,K,519,1561.6
bag,æ,BAT,B,G,533.7,1557
staff,æ,BAT,T,F,552.8,1605.9
happily,æ,BAT,HH,P,726.9,1481.9
asteroid,æ,BAT,IY0,S,601.6,1751.5
had,æ,BAT,HH,D,527.5,1645.1
pack,æ,BAT,P,K,733.8,1464.8
cast,æ,BAT,K,S,673.9,1596.9
had,æ,BAT,HH,D,616.5,1605.9
that's,æ,BAT,DH,T,573.3,1653.2
bad,æ,BAT,B,D,496.2,1535.3
paths,æ,BAT,P,TH,686.7,1373.4
that's,æ,BAT,DH,T,508.3,1507
imagined,æ,BAT,M,JH,614.5,1664.7
salad,æ,BAT,S,L,488.6,1497
matter,æ,BAT,M,T,640.9,1374.5
asked,æ,BAT,N,S,571,1789.6
back,æ,BAT,B,K,582.7,1503.7
factory,æ,BAT,F,K,610.4,1529
backyard,æ,BAT,B,K,511.3,1482.3
that's,æ,BAT,DH,T,599.4,1521.5
miraculously,æ,BAT,ER0,K,689.2,1406.5
ash,æ,BAT,NA,SH,626.1,1773.9
have,æ,BAT,HH,V,603.7,1606.9
battering,æ,BAT,B,T,751.1,1634.7
value,æ,BAT,V,L,375.4,1680.5
crab,æ,BAT,R,B,659.7,1435.2
apples,æ,BAT,B,P,601.5,1471.8
apple,æ,BAT,ER0,P,719.1,1583.3
apple,æ,BAT,NA,P,718.5,1543.9
after,æ,BAT,D,F,684.2,1521.3
adapt,æ,BAT,D,P,625.7,1695.8
at,æ,BAT,NA,T,696.2,1417.3
at,æ,BAT,N,T,401,1675.6
satire,æ,BAT,S,T,602.9,1496
actually,æ,BAT,T,K,615.2,1517.8
half,æ,BAT,HH,F,767,1550.5
last,æ,BAT,L,S,729.6,1459.1
value,æ,BAT,V,L,480.3,1548.8
ask,æ,BAT,UW1,S,440.4,1545
pack,æ,BAT,P,K,733.9,1533.5
after,æ,BAT,D,F,530.6,1524.1
balance,æ,BAT,B,L,448.3,1556.9
after,æ,BAT,L,F,544.9,1499.6
graduates,æ,BAT,R,JH,589.5,1440.7
after,æ,BAT,N,F,456.6,1635.3
vast,æ,BAT,V,S,682.6,1543.3
valve,æ,BAT,V,L,505.1,1413.7
action,æ,BAT,UW0,K,640.5,1643.4
at,æ,BAT,D,T,543.1,1743.7
that's,æ,BAT,DH,T,718.2,1453.2
that's,æ,BAT,DH,T,646,1550.8
pat,æ,BAT,P,T,529.2,1653.4
had,æ,BAT,HH,D,491.3,1743.3
at,æ,BAT,SIL,T,597.5,1521.7
saturday's,æ,BAT,S,T,529.7,1495.1
gallery,æ,BAT,G,L,459,1708.6
challenge,æ,BAT,CH,L,576.2,1546.9
palace,æ,BAT,P,L,716.3,1523
capitalist,æ,BAT,K,P,528.3,1582
taxis,æ,BAT,T,K,609.2,1702.1
exactly,æ,BAT,Z,K,491.1,1568.6
shallow,æ,BAT,SH,L,524.1,1487.3
half,æ,BAT,HH,F,544.4,1614
back,æ,BAT,B,K,644.4,1503
jackson's,æ,BAT,JH,K,555.6,1657.1
calendar,æ,BAT,K,L,520.7,1657.8
cassidy,æ,BAT,K,S,548.2,1627.8
passes,æ,BAT,P,S,652.3,1587.1
fat,æ,BAT,F,T,604.8,1523.9
grab,æ,BAT,R,B,626.4,1457.3
at,æ,BAT,NA,T,427.7,1787.6
natural,æ,BAT,N,CH,593.4,1719
gas,æ,BAT,G,S,453.7,1723.5
that's,æ,BAT,DH,T,648.3,1587.5
pass,æ,BAT,P,S,598,1592.9
have,æ,BAT,HH,V,470.9,1657.8
had,æ,BAT,HH,D,550.2,1638.5
balance,æ,BAT,B,L,470.6,1554.2
madison,æ,BAT,M,D,636.5,1746.6
valley,æ,BAT,V,L,523.8,1526
at,æ,BAT,ER0,T,454.1,1739.5
batteries,æ,BAT,B,T,501,1593.5
had,æ,BAT,HH,D,657.1,1539.2
valentine,æ,BAT,V,L,375.9,1662.7
here,i,BEET,HH,R,235.4,2043.6
we'll,i,BEET,W,L,302.5,1974.4
season,i,BEET,S,Z,305,2031.7
be,i,BEET,B,NA,295.9,2060.4
feeds,i,BEET,F,D,261.5,2044.8
speaking,i,BEET,P,K,302.9,1948.8
being,i,BEET,B,IH0,228.8,2043.2
be,i,BEET,B,AH0,258.8,1972
seemed,i,BEET,S,M,255.9,2057
seen,i,BEET,S,N,266.2,2034.2
steel,i,BEET,T,L,239.6,1984.8
ordeal,i,BEET,D,L,333.9,2024.9
chinese,i,BEET,N,Z,276.4,2248.6
creek,i,BEET,R,K,311,1919.5
be,i,BEET,B,EY1,320.2,2001.1
free,i,BEET,R,Z,298.1,1973.7
media,i,BEET,M,D,281.5,2088.7
be,i,BEET,B,NA,269.4,2016.3
nico,i,BEET,N,K,237.4,2107.5
see,i,BEET,S,DH,256.4,1916.4
real,i,BEET,R,L,306.2,1860.3
bees,i,BEET,B,Z,229.6,2082.3
t.,i,BEET,T,NA,321.6,2171.9
keeping,i,BEET,K,P,285.2,2034.5
these,i,BEET,DH,Z,263.4,2100
heal,i,BEET,HH,L,273,2059.1
even,i,BEET,S,V,276.7,1913.6
keyboard,i,BEET,K,B,258.6,2065
be,i,BEET,B,EH1,283.3,2126.9
thirteen,i,BEET,T,N,312.5,2139
fifteen,i,BEET,T,N,326.6,2153.2
police,i,BEET,L,S,312.7,1860.7
see,i,BEET,S,G,273.8,2049.7
c.,i,BEET,S,F,296.7,2072.3
be,i,BEET,B,NA,301.5,1917.1
d.,i,BEET,D,F,321.7,2093.3
teachers,i,BEET,T,CH,306,2107.5
speaker,i,BEET,P,K,320.2,2124.6
speakers,i,BEET,P,K,307,1966.9
leaned,i,BEET,L,N,311.7,2102.8
zeal,i,BEET,Z,L,322.4,2046
grieve,i,BEET,R,V,269,2077.5
reached,i,BEET,R,CH,310.8,1970
read,i,BEET,R,D,299,2081.6
achievement,i,BEET,CH,V,268.7,2060.5
deal,i,BEET,D,L,250.5,2080.4
eat,i,BEET,SIL,T,291,2062.9
teaching,i,BEET,T,CH,331.7,2050.7
three,i,BEET,R,Y,302.9,1890.7
reveal,i,BEET,V,L,302.2,1834.6
even,i,BEET,T,V,259.6,2151
reasoning,i,BEET,R,Z,324.4,1903.6
feel,i,BEET,F,L,341.7,1968.8
teachers,i,BEET,T,CH,299.5,2055.2
deal,i,BEET,D,L,294.3,2043.2
least,i,BEET,L,S,313.5,1939.3
be,i,BEET,B,D,273.6,1838.5
cheese,i,BEET,CH,Z,305.6,2117.5
be,i,BEET,B,S,314.5,2103.9
wheel,i,BEET,W,L,319.8,2042.2
c.,i,BEET,S,NA,283.7,2031.2
we're,i,BEET,W,R,280.5,2023.6
teachers,i,BEET,T,CH,296.4,2024.2
key,i,BEET,K,DH,283.6,2097.5
zeke,i,BEET,Z,K,280.2,1984.8
needs,i,BEET,N,D,299.1,2187.2
feet,i,BEET,F,T,290.8,2001.3
he'll,i,BEET,HH,L,283.1,2085.4
preach,i,BEET,R,CH,315.1,2003.1
each,i,BEET,D,CH,298,2087.2
secret,i,BEET,S,K,283.4,1893.1
tequila,i,BEET,K,L,283.4,2089.4
seasons,i,BEET,S,Z,289.4,1864.6
we're,i,BEET,W,R,307.4,1839.3
needed,i,BEET,N,D,290,1940.6
people,i,BEET,P,P,275,1942.3
helium,i,BEET,HH,L,280,2186.9
be,i,BEET,B,F,313.6,1995.2
teachers,i,BEET,T,CH,260.6,2015.3
see,i,BEET,S,EY1,281.1,2007.7
three,i,BEET,R,EY1,270,2104.5
each,i,BEET,V,CH,305.5,1988.2
trees,i,BEET,R,Z,292.9,2058
be,i,BEET,B,AH0,323,2057.7
reach,i,BEET,R,CH,328.7,1987.7
meaningful,i,BEET,M,N,313.6,1980
he'd,i,BEET,HH,D,346.4,2117.5
teacher,i,BEET,T,CH,255.9,2029.3
teacher,i,BEET,T,CH,236.9,2092.1
peter,i,BEET,P,T,303.2,2253.3
keep,i,BEET,K,P,310.7,2236.4
reads,i,BEET,R,D,314.5,1994.7
people,i,BEET,P,P,243.6,1910.8
thirteen,i,BEET,T,N,323,2163.1
she'd,i,BEET,SH,D,242.9,2139.7
be,i,BEET,B,HH,274.3,2067
he'd,i,BEET,HH,D,261.3,2137.4
shields,i,BEET,SH,L,300,2028.6
medium,i,BEET,M,D,301.7,1975.8
heat,i,BEET,HH,T,329.1,2142.4
three,i,BEET,R,K,318.3,2025.9
increasing,i,BEET,R,S,283.7,1959.1
teachers,i,BEET,T,CH,240,2098.4
feeling,i,BEET,F,L,265.9,2050.3
we're,i,BEET,W,R,287.9,2028
easy,i,BEET,ER0,Z,252.6,2223.6
here,i,BEET,HH,R,330.5,2101.5
real,i,BEET,R,L,311.3,2103.2
theme,i,BEET,TH,M,335.6,2159
marquis,i,BEET,K,D,261.4,2100.1
disease,i,BEET,Z,Z,281.4,2028.8
these,i,BEET,DH,Z,301.8,2103.1
queen,i,BEET,W,N,303.4,2090.9
g.,i,BEET,JH,B,304.9,1975.2
be,i,BEET,B,P,305.7,1845.9
people,i,BEET,P,P,323.7,1997.9
read,i,BEET,R,D,306.7,1934.8
three,i,BEET,R,T,298.5,1906.4
complete,i,BEET,L,T,277.8,1883.7
need,i,BEET,N,D,275.4,2188.2
preview,i,BEET,R,V,318.9,1928.9
treats,i,BEET,R,T,275.1,2040.2
pleases,i,BEET,L,Z,281.2,2057.9
he'll,i,BEET,HH,L,266.7,1909.7
reagan,i,BEET,R,G,326.3,2193.9
be,i,BEET,B,N,301.3,2166.1
three,i,BEET,R,S,293.1,1996.6
least,i,BEET,L,S,319.4,1990.7
speak,i,BEET,P,K,275.8,2171.7
be,i,BEET,B,AE1,267.1,2077.7
being,i,BEET,B,IH0,300,1886.8
teeth,i,BEET,T,TH,286.4,2125.6
reach,i,BEET,R,CH,342,1876.3
these,i,BEET,DH,Z,305.6,1994.3
teams,i,BEET,T,M,329.6,2187.7
previously,i,BEET,R,V,317.4,1840.9
g.,i,BEET,JH,T,296.6,2062
cheap,i,BEET,CH,P,262.6,2119.6
street,i,BEET,R,T,316.4,1848.5
reads,i,BEET,R,D,276.1,1896
three,i,BEET,R,W,323,1812.2
scenes,i,BEET,S,N,327.6,2057.4
sweep,i,BEET,W,P,301.6,1835.1
agreed,i,BEET,R,D,295.8,2071.9
heal,i,BEET,HH,L,306.9,2188
beak,i,BEET,B,K,282.8,1936.9
beasts,i,BEET,B,S,259.8,2156.3
be,i,BEET,B,HH,257.4,2109.2
feel,i,BEET,F,L,264.1,1933.2
he'd,i,BEET,HH,D,321.1,2114.8
rio,i,BEET,R,OW0,290.8,1991.7
here,i,BEET,HH,R,295.6,1936.5
screened,i,BEET,R,N,271.9,2258.8
reading,i,BEET,R,D,288.7,1800.4
reading,i,BEET,R,D,317.8,1912.6
leadership,i,BEET,L,D,308.6,1967.4
these,i,BEET,DH,Z,284,2048.6
veal,i,BEET,V,L,256,2008.4
ideal,i,BEET,D,L,274.1,2178.2
he'll,i,BEET,HH,L,235,2165.4
keel,i,BEET,K,L,234.3,2180.3
veal,i,BEET,V,L,270.9,2043.9
feeling,i,BEET,F,L,258.5,2065.6
meant,ɛ,BET,M,N,452.9,1583.3
guest,ɛ,BET,G,S,501.3,1674.3
collectors,ɛ,BET,L,K,521.9,1342.8
cellphone,ɛ,BET,S,L,569.7,1518.3
haircut,ɛ,BET,HH,R,448.9,1681
affected,ɛ,BET,F,K,434.8,1684.1
mental,ɛ,BET,M,N,540.5,1618.9
enter,ɛ,BET,UW1,N,480.1,1732.1
s.,ɛ,BET,UW1,S,600.1,1451.3
am,ɛ,BET,EY1,M,531.5,1773.6
rest,ɛ,BET,R,S,509.6,1421.8
shares,ɛ,BET,SH,R,420.2,1779.4
else,ɛ,BET,K,L,537.1,1427.8
shelf,ɛ,BET,SH,L,474.1,1441.7
fell,ɛ,BET,F,L,609.1,1679.7
as,ɛ,BET,N,Z,358.4,1708.1
mary,ɛ,BET,M,R,361.5,1721.5
settlers,ɛ,BET,S,T,474.2,1578.6
wearing,ɛ,BET,W,R,448,1542.4
everyone,ɛ,BET,D,V,409.3,1760
hedge,ɛ,BET,HH,JH,555.7,1736.6
temperature,ɛ,BET,T,M,474.6,1713
temperature,ɛ,BET,T,M,461.7,1640.1
genetic,ɛ,BET,N,T,383.6,1691.2
flex,ɛ,BET,L,K,561.8,1400.2
yet,ɛ,BET,Y,T,404.3,1832.1
never,ɛ,BET,N,V,582.4,1728.4
death,ɛ,BET,D,TH,521.3,1753.7
setting,ɛ,BET,S,T,492.9,1576.2
edge,ɛ,BET,IY0,JH,463.1,1865
contestant,ɛ,BET,T,S,482.3,1698.2
as,ɛ,BET,ER0,Z,526.2,1343.5
developing,ɛ,BET,V,L,476.3,1528.4
members,ɛ,BET,M,M,560.7,1638.5
identified,ɛ,BET,D,N,463.8,1734.3
elephant,ɛ,BET,N,L,530,1655.8
sell,ɛ,BET,S,L,570.6,1495.8
bread,ɛ,BET,R,D,525.4,1527.4
air,ɛ,BET,IY0,R,449.7,1757.5
as,ɛ,BET,SIL,Z,621.8,1595.7
western,ɛ,BET,W,S,566.9,1411.5
air,ɛ,BET,L,R,399.4,1817.2
ten,ɛ,BET,T,N,569.7,1588.3
comparison,ɛ,BET,P,R,414.7,1663.2
better,ɛ,BET,B,T,471.5,1490.4
jeff's,ɛ,BET,JH,F,532.7,1610.8
get,ɛ,BET,G,T,445.8,1568.7
entries,ɛ,BET,IY0,N,437.3,1792
pair,ɛ,BET,P,R,376.4,1664
assessment,ɛ,BET,S,S,466.6,1545.7
american,ɛ,BET,M,R,483.1,1744.4
credit,ɛ,BET,R,D,546.6,1510.1
success,ɛ,BET,S,S,428.8,1551.5
attending,ɛ,BET,T,N,475.5,1675.3
spell,ɛ,BET,P,L,488,1429.4
best,ɛ,BET,B,S,454.5,1530.9
pressure,ɛ,BET,R,SH,560.4,1768.6
mexico,ɛ,BET,M,K,455.2,1448.1
gary,ɛ,BET,G,R,409.4,1886.6
decades,ɛ,BET,D,K,469.4,1667.8
test,ɛ,BET,T,S,513.5,1529.7
aquarium,ɛ,BET,W,R,476.5,1553.2
educating,ɛ,BET,IY0,JH,438.2,1661.5
experts,ɛ,BET,K,K,491.7,1869.1
dennis,ɛ,BET,D,N,522,1550.6
says,ɛ,BET,S,Z,370.2,1529.8
as,ɛ,BET,T,Z,462.7,1508.1
as,ɛ,BET,NA,Z,488.4,1682.4
settled,ɛ,BET,S,T,516.5,1472.2
many,ɛ,BET,M,N,391,1549.2
tend,ɛ,BET,T,N,400.5,1552.8
templeton,ɛ,BET,T,M,499.1,1521.2
anybody,ɛ,BET,D,N,570.3,1629.6
percent,ɛ,BET,S,N,616.1,1583.7
death,ɛ,BET,D,TH,457.6,1571.4
death,ɛ,BET,D,TH,480.6,1637.6
content,ɛ,BET,T,N,436.8,1599.1
bread,ɛ,BET,R,D,547,1473.6
there's,ɛ,BET,DH,R,377.1,1598.4
caring,ɛ,BET,K,R,426.3,1797.1
head,ɛ,BET,HH,D,521.5,1678.1
step,ɛ,BET,T,P,468.6,1539.7
care,ɛ,BET,K,R,361.9,1775.8
affected,ɛ,BET,F,K,471.9,1546
commencing,ɛ,BET,M,N,540.1,1458.7
chest,ɛ,BET,CH,S,520.6,1495
refresh,ɛ,BET,R,SH,538.5,1407.6
demonstrate,ɛ,BET,D,M,411.5,1567.8
as,ɛ,BET,ER0,Z,527.5,1610.9
genetic,ɛ,BET,N,T,544,1879.7
gretchen,ɛ,BET,R,CH,583.5,1545.2
caring,ɛ,BET,K,R,417.7,1863.2
karen,ɛ,BET,K,R,440.4,1798.5
yen,ɛ,BET,Y,N,531,1837
mentor,ɛ,BET,M,N,536.7,1602.8
texts,ɛ,BET,T,K,442.9,1608.1
met,ɛ,BET,M,T,531,1693.5
better,ɛ,BET,B,T,477.9,1438.4
development,ɛ,BET,V,L,490.5,1381.2
emphasize,ɛ,BET,UW1,M,501.2,1643.9
fellow,ɛ,BET,F,L,615.5,1454.8
detective,ɛ,BET,T,K,544.4,1726.1
s.,ɛ,BET,UW1,S,401.7,1505.7
amend,ɛ,BET,M,N,561.7,1742.7
federal,ɛ,BET,F,D,468.3,1447.3
theft,ɛ,BET,TH,F,495.8,1493.9
said,ɛ,BET,S,D,437.6,1444.3
measurements,ɛ,BET,M,ZH,476.4,1411.5
necessary,ɛ,BET,N,S,495.2,1699
prepare,ɛ,BET,P,R,445.2,1597.6
entered,ɛ,BET,N,N,580.1,1532.2
head,ɛ,BET,HH,D,527.6,1630
mentioned,ɛ,BET,M,N,469.4,1609.7
connect,ɛ,BET,N,K,494.6,1769.8
elephants,ɛ,BET,L,L,535.5,1393.6
edge,ɛ,BET,IY0,JH,441.8,1823.5
reg,ɛ,BET,R,G,485.5,1811.9
yet,ɛ,BET,Y,T,523.4,1888.4
harry,ɛ,BET,HH,R,439.6,1792.6
mentally,ɛ,BET,M,N,492.2,1475.1
enters,ɛ,BET,Z,N,484.6,1665.3
their,ɛ,BET,DH,R,419.5,1604.4
sweat,ɛ,BET,W,T,505.2,1376.3
necessary,ɛ,BET,N,S,495.3,1836.1
setting,ɛ,BET,S,T,516.8,1583.4
rebels,ɛ,BET,B,L,445.9,1626.3
as,ɛ,BET,AH0,Z,467.8,1648.5
seconds,ɛ,BET,S,K,503.2,1764.4
sell,ɛ,BET,S,L,490.5,1569.9
bedroom,ɛ,BET,B,D,444.1,1525.8
air,ɛ,BET,L,R,491.4,1741.7
set,ɛ,BET,S,T,499,1415.9
step,ɛ,BET,T,P,477.4,1465.3
every,ɛ,BET,NA,V,536.3,1876.3
remembering,ɛ,BET,M,M,429.7,1546
never,ɛ,BET,N,V,615.1,1619.4
expect,ɛ,BET,P,K,528.3,1566.6
step,ɛ,BET,T,P,455.5,1546.6
method,ɛ,BET,M,TH,576.1,1594
test,ɛ,BET,T,S,549.3,1719.2
many,ɛ,BET,M,N,493.6,1785.8
extra,ɛ,BET,ER0,K,447.8,1625.6
west,ɛ,BET,W,S,499.5,1477.2
elliott,ɛ,BET,IY0,L,504.4,1870.3
upstairs,ɛ,BET,T,R,413.3,1809.2
hair,ɛ,BET,HH,R,452.6,1919.7
next,ɛ,BET,N,K,455.8,1697.7
said,ɛ,BET,S,D,487,1653.2
anyone,ɛ,BET,NA,N,431.8,1793
american,ɛ,BET,M,R,460.5,1773.7
intending,ɛ,BET,T,N,474.8,1770.7
settle,ɛ,BET,S,T,519,1648.9
general,ɛ,BET,JH,N,416.1,1512.6
project,ɛ,BET,JH,K,441.3,1634.3
elder,ɛ,BET,ER1,L,477.7,1662.1
said,ɛ,BET,S,D,497.8,1555.7
said,ɛ,BET,S,D,606.7,1654.6
yet,ɛ,BET,Y,T,500.9,1881.1
every,ɛ,BET,N,V,467.6,1683.4
protection,ɛ,BET,T,K,501.9,1750.3
potential,ɛ,BET,T,N,510.4,1596
bernadette,ɛ,BET,D,T,453.3,1676.8
men's,ɛ,BET,M,N,482.8,1720.7
tell,ɛ,BET,T,L,471.3,1687.8
fell,ɛ,BET,F,L,482.5,1533
trigger,ɪ,BIT,R,G,351,1643.2
mid,ɪ,BIT,M,D,374.6,1788.4
career,ɪ,BIT,ER0,R,337.2,1776.2
in,ɪ,BIT,L,N,425.6,1680
clear,ɪ,BIT,L,R,305.7,2027.1
kids,ɪ,BIT,K,D,319.3,1780.9
addiction,ɪ,BIT,D,K,349.6,1651.6
getting,ɪ,BIT,G,T,375.2,2059.6
into,ɪ,BIT,D,N,330.1,1687.5
beginning,ɪ,BIT,G,N,326.8,2007.3
in,ɪ,BIT,N,N,439,1851.7
in,ɪ,BIT,L,N,437.5,1595.7
skin,ɪ,BIT,K,N,379.7,2097.1
milk,ɪ,BIT,M,L,409.5,1779.7
been,ɪ,BIT,B,N,374.6,1557.5
in,ɪ,BIT,D,N,388.4,1847.8
billion,ɪ,BIT,B,L,377.9,1723.7
period,ɪ,BIT,P,R,458.3,1945.5
into,ɪ,BIT,ER0,N,405.2,2064.8
it'll,ɪ,BIT,V,T,396.1,1603.3
bill,ɪ,BIT,B,L,393.5,1607.9
in,ɪ,BIT,NA,N,389.1,1876
billboard,ɪ,BIT,B,L,377.6,1572.9
his,ɪ,BIT,HH,Z,345.7,1785.7
fifteen,ɪ,BIT,F,F,337.6,1688.3
municipal,ɪ,BIT,N,S,380.8,1777.7
in,ɪ,BIT,SIL,N,443.3,1648.2
in,ɪ,BIT,JH,N,384.6,1852.4
kill,ɪ,BIT,K,L,404.1,1940.9
criteria,ɪ,BIT,T,R,315,1975.1
in,ɪ,BIT,NA,N,424.1,1638.1
individual,ɪ,BIT,V,JH,326.3,1674.2
ability,ɪ,BIT,B,L,414.5,1676.1
in,ɪ,BIT,D,N,409,1820.9
visitors,ɪ,BIT,V,Z,349.8,1621.6
with,ɪ,BIT,W,TH,397.8,1612.6
listen,ɪ,BIT,L,S,397.3,1507.4
his,ɪ,BIT,HH,Z,345.1,1599.7
little,ɪ,BIT,L,T,422.9,1363.4
digital,ɪ,BIT,D,JH,368.7,1715.4
weird,ɪ,BIT,W,R,334.2,2017.5
in,ɪ,BIT,ER0,N,448.3,1806.6
years,ɪ,BIT,Y,R,321.1,1845.3
physically,ɪ,BIT,F,Z,410.7,1599.8
fit,ɪ,BIT,F,T,341.1,1766.1
virginia,ɪ,BIT,JH,N,334.4,1915.3
dinner,ɪ,BIT,D,N,351.4,1876.3
digital,ɪ,BIT,D,JH,340.4,1626.7
lis,ɪ,BIT,L,S,396.1,1389.7
year,ɪ,BIT,Y,R,361.1,2028.9
did,ɪ,BIT,D,D,316.4,1836.7
his,ɪ,BIT,HH,Z,355.9,1695.4
in,ɪ,BIT,T,N,427.5,1905
milton,ɪ,BIT,M,L,372.1,1326.3
gets,ɪ,BIT,G,T,422.7,1998.6
hit,ɪ,BIT,HH,T,459.3,1847.2
piercing,ɪ,BIT,P,R,285,1910.3
sister,ɪ,BIT,S,S,391.9,1583.9
with,ɪ,BIT,W,TH,339.9,1405.9
in,ɪ,BIT,D,N,400.9,1943.8
in,ɪ,BIT,N,N,386.3,2092.1
fish,ɪ,BIT,F,SH,396.9,1607.1
in,ɪ,BIT,SH,N,401.5,1770.1
mission,ɪ,BIT,M,SH,382.3,1711.8
criminal,ɪ,BIT,R,M,377.7,1667.1
building,ɪ,BIT,B,L,416,1483.2
continuing,ɪ,BIT,T,N,427.1,1755
bills,ɪ,BIT,B,L,421,1530.3
his,ɪ,BIT,HH,Z,349.5,2006.5
into,ɪ,BIT,D,N,370.9,1441.4
did,ɪ,BIT,D,D,393,1862.5
years,ɪ,BIT,Y,R,416.4,1814.6
trivial,ɪ,BIT,R,V,379.1,1687.2
give,ɪ,BIT,G,V,345.9,1958.2
cripple,ɪ,BIT,R,P,412.1,1709.1
jim,ɪ,BIT,JH,M,368.9,1508
fearful,ɪ,BIT,F,R,350,1810.5
period,ɪ,BIT,P,R,431.7,2067.9
in,ɪ,BIT,L,N,440.5,1455.1
dick,ɪ,BIT,D,K,364.4,1572.3
think,ɪ,BIT,TH,NG,360.6,1836.5
in,ɪ,BIT,K,N,365.8,2169.4
in,ɪ,BIT,D,N,380.2,1892
convinced,ɪ,BIT,V,N,344.3,2071.7
simple,ɪ,BIT,S,M,466.9,1862.4
civil,ɪ,BIT,S,V,430.1,1884.1
till,ɪ,BIT,T,L,363.7,2053.3
existed,ɪ,BIT,Z,S,387.1,1640.8
in,ɪ,BIT,NG,N,401.4,1721.7
kids,ɪ,BIT,K,D,365.7,1973.4
biz,ɪ,BIT,B,Z,468.1,1600.6
in,ɪ,BIT,T,N,397.8,2002
with,ɪ,BIT,W,TH,369.6,1503.4
simple,ɪ,BIT,S,M,460.8,1844.9
ill,ɪ,BIT,D,L,333.3,2169.3
skin,ɪ,BIT,K,N,414.2,1970.9
in,ɪ,BIT,Z,N,424.9,1772.5
influenced,ɪ,BIT,IY0,N,355.8,2163.9
district,ɪ,BIT,D,S,365.3,1775.2
in,ɪ,BIT,R,N,291.2,1788.7
thing,ɪ,BIT,TH,NG,381.2,1612.8
into,ɪ,BIT,T,N,430.6,1438.8
print,ɪ,BIT,R,N,383.8,1731.3
city,ɪ,BIT,S,T,365.7,1594.7
killed,ɪ,BIT,K,L,303.7,1916.5
in,ɪ,BIT,NA,N,430,2129
when,ɪ,BIT,W,N,446.6,1677.4
continue,ɪ,BIT,T,N,317.1,1817.4
into,ɪ,BIT,D,N,356.5,1812
been,ɪ,BIT,B,N,392.9,1857.9
pills,ɪ,BIT,P,L,380.6,1599.1
into,ɪ,BIT,N,N,386.4,1615.4
in,ɪ,BIT,V,N,418.7,1773
will,ɪ,BIT,W,L,368.1,1453.5
in,ɪ,BIT,IY0,N,379.5,2035.2
innocence,ɪ,BIT,IY0,N,376.8,2123.4
didn't,ɪ,BIT,D,N,365.3,1830.6
in,ɪ,BIT,M,N,388.4,1995.3
in,ɪ,BIT,T,N,377.5,2147.3
kids,ɪ,BIT,K,D,308.7,1685.3
ability,ɪ,BIT,B,L,302.9,1812.7
think,ɪ,BIT,TH,NG,401.4,1845.4
in,ɪ,BIT,T,N,380.7,1910.2
winning,ɪ,BIT,W,N,368,1643.8
into,ɪ,BIT,NG,N,380.6,2164.4
in,ɪ,BIT,Z,N,446.1,1705.4
will,ɪ,BIT,W,L,406.2,1365.3
bit,ɪ,BIT,B,T,398.2,1523.3
experience,ɪ,BIT,P,R,299.7,1803.5
mysterious,ɪ,BIT,T,R,298.7,1840.5
years,ɪ,BIT,Y,R,348.8,1915.6
rip,ɪ,BIT,R,P,463.2,1844.4
inner,ɪ,BIT,IY0,N,398.6,2052.9
in,ɪ,BIT,D,N,283.4,1894.7
in,ɪ,BIT,L,N,429.2,1492.9
wind,ɪ,BIT,W,N,401.5,1803.2
pretty,ɪ,BIT,R,T,442.4,1775.3
his,ɪ,BIT,HH,Z,461.6,1962.6
tilted,ɪ,BIT,T,L,345.4,1665.3
whispered,ɪ,BIT,W,S,394.5,1569.5
live,ɪ,BIT,L,V,464.8,1504.7
bill,ɪ,BIT,B,L,383.7,1561.5
in,ɪ,BIT,T,N,359.8,1829.5
twists,ɪ,BIT,W,S,392.2,1442.8
continues,ɪ,BIT,T,N,399.8,1879.9
kitchens,ɪ,BIT,K,CH,388.2,2072.6
live,ɪ,BIT,L,V,393.6,1663.8
in,ɪ,BIT,F,N,409.4,1584.9
bill,ɪ,BIT,B,L,380.5,1603.8
into,ɪ,BIT,T,N,451.4,1836.5
in,ɪ,BIT,M,N,290.6,1971.9
civilian,ɪ,BIT,V,L,319.8,1638.9
military,ɪ,BIT,M,L,373.4,1512
lit,ɪ,BIT,L,T,398.5,1642.6
admitting,ɪ,BIT,M,T,380.2,1672.8
pick,ɪ,BIT,P,K,366.7,1732.4
in,ɪ,BIT,N,N,313.9,1778.2
miss,ɪ,BIT,M,S,451.5,1680.7
bills,ɪ,BIT,B,L,387.9,1716.2
minutes,ɪ,BIT,M,N,462.3,1891.2
in,ɪ,BIT,S,N,294.7,1788.5
distance,ɪ,BIT,D,S,394.6,1727.8
business,ɪ,BIT,B,Z,341.1,1633.7
priscilla,ɪ,BIT,S,L,453.4,1908.4
interior,ɪ,BIT,T,R,341.2,1892.1
in,ɪ,BIT,R,N,430.5,2088.6
if,ɪ,BIT,Z,F,361.1,1643.4
import,ɪ,BIT,M,M,411.4,2061.4
period,ɪ,BIT,P,R,315.5,2068.1
did,ɪ,BIT,D,D,339.3,1761.7
been,ɪ,BIT,B,N,422.9,1651.4
difficult,ɪ,BIT,D,F,391.4,1751.8
in,ɪ,BIT,EY1,N,338.8,1969.7
fling,ɪ,BIT,L,NG,430.8,1731.7
been,ɪ,BIT,B,N,358.4,1825.5
in,ɪ,BIT,T,N,295.5,1919.1
skin,ɪ,BIT,K,N,318.8,2051.7
been,ɪ,BIT,B,N,401.9,1621
experiences,ɪ,BIT,P,R,310,1717.8
grilled,ɪ,BIT,R,L,420.8,1798.6
most,o,BOAT,M,S,419.2,933.9
go,o,BOAT,G,AH0,422,1317.4
ozone,o,BOAT,K,Z,433.3,1455.1
goes,o,BOAT,G,Z,401.4,1154.3
spoke,o,BOAT,P,K,381.1,1220.8
most,o,BOAT,M,S,400.6,915.4
most,o,BOAT,M,S,440.6,1091.4
rope,o,BOAT,R,P,411.7,1074.5
expose,o,BOAT,P,Z,349.3,1083.4
over,o,BOAT,L,V,379.2,922.3
homes,o,BOAT,HH,M,515.8,1159.2
coating,o,BOAT,K,T,378.4,1080.4
robot,o,BOAT,R,B,401.9,1149.1
only,o,BOAT,L,N,434.1,873.7
inappropriate,o,BOAT,R,P,387.8,939.4
locals,o,BOAT,L,K,432.6,1045.7
showed,o,BOAT,SH,D,429.7,1290.5
grown,o,BOAT,R,N,428.5,1101.7
global,o,BOAT,L,B,433.8,912.4
slow,o,BOAT,L,M,448.6,1049.7
showing,o,BOAT,SH,IH0,516.2,1292
global,o,BOAT,L,B,434.9,1082.3
bonus,o,BOAT,B,N,446.3,1040.4
mostly,o,BOAT,M,S,439.5,898.2
rose,o,BOAT,R,Z,397.2,1112.8
only,o,BOAT,IY0,N,430.6,1418.8
roman,o,BOAT,R,M,412.1,1035.3
coast,o,BOAT,K,S,456.9,1070
motor,o,BOAT,M,T,483.6,923.7
moment,o,BOAT,M,M,388.4,883
locate,o,BOAT,L,K,403.8,892.8
row,o,BOAT,R,AH1,478.3,1242.3
ago,o,BOAT,G,NA,417.5,1404.8
although,o,BOAT,DH,N,391.8,979.5
located,o,BOAT,L,K,440.7,990.1
those,o,BOAT,DH,Z,435,1106.5
show,o,BOAT,SH,W,396.9,1462.6
owns,o,BOAT,V,N,518.6,1003.3
hopes,o,BOAT,HH,P,481.3,1481.7
most,o,BOAT,M,S,446.7,951.1
though,o,BOAT,DH,AY1,386.7,1150.5
over,o,BOAT,NG,V,397.4,1168.4
coast,o,BOAT,K,S,379.3,1129.2
pope,o,BOAT,P,P,380.8,813.9
go,o,BOAT,G,SH,357.4,1319.2
throwing,o,BOAT,R,IH0,435.3,1180
close,o,BOAT,L,Z,354.7,1007.6
go,o,BOAT,G,B,390.2,1445.5
low,o,BOAT,L,HH,448.4,1051.1
hello,o,BOAT,L,S,452.6,1133.9
throw,o,BOAT,R,IH1,426.7,1185.6
broke,o,BOAT,R,K,452,1140.4
protein,o,BOAT,R,T,424.1,1070.4
post,o,BOAT,P,S,491.5,1265.2
broken,o,BOAT,R,K,447.7,1016.1
loans,o,BOAT,L,N,490,1355.2
located,o,BOAT,L,K,425.5,828.5
coated,o,BOAT,K,T,513.1,1328.3
own,o,BOAT,R,N,522.5,1188
row,o,BOAT,R,AH1,412.1,1258.2
wrote,o,BOAT,R,T,441.2,1198.3
program,o,BOAT,R,G,448,990.5
closer,o,BOAT,L,Z,420,975.3
bones,o,BOAT,B,N,469.6,1181.9
those,o,BOAT,DH,Z,443.9,1495
loaded,o,BOAT,L,D,442.6,1004
rose,o,BOAT,R,Z,423.8,1262.1
coaching,o,BOAT,K,CH,376.1,1109.8
phone,o,BOAT,F,N,476.4,950.6
focus,o,BOAT,F,K,410.2,1137.5
those,o,BOAT,DH,Z,455,1261
close,o,BOAT,L,Z,417.5,975.4
though,o,BOAT,DH,W,401.2,1425
road,o,BOAT,R,D,509.8,1155.9
go,o,BOAT,G,DH,440.3,1426.8
approached,o,BOAT,R,CH,398.2,1029.8
photos,o,BOAT,F,T,345.8,1115.1
show,o,BOAT,SH,DH,420,1402.5
show,o,BOAT,SH,T,431.4,1377.4
loaded,o,BOAT,L,D,432.5,979.9
only,o,BOAT,IY0,N,396.9,1349.2
clothes,o,BOAT,L,Z,497.5,972.7
reproach,o,BOAT,R,CH,386.7,975.2
approach,o,BOAT,R,CH,410.1,1074.7
coats,o,BOAT,K,T,493.1,1297
program,o,BOAT,R,G,462.8,1125.5
local,o,BOAT,L,K,459.8,904.9
cloak,o,BOAT,L,K,445.8,1049.7
locals,o,BOAT,L,K,391.9,911.7
ferocious,o,BOAT,ER0,SH,398.9,1116.3
showcase,o,BOAT,SH,K,477.1,1456.6
closer,o,BOAT,L,Z,424.1,1028.4
blow,o,BOAT,L,IH1,483.5,1078.2
hoped,o,BOAT,HH,P,433.2,1104.3
overland,o,BOAT,V,V,460.8,1194.9
look,ʊ,BOOK,L,K,338.5,1667.7
butchered,ʊ,BOOK,B,CH,320.9,1237.2
good,ʊ,BOOK,G,D,352.6,1558.1
looked,ʊ,BOOK,L,K,422.3,1120.2
look,ʊ,BOOK,L,K,486.3,1260.1
security,ʊ,BOOK,Y,R,312.6,1677
your,ʊ,BOOK,Y,R,300.2,1762.6
look,ʊ,BOOK,L,K,384.4,1091.3
good,ʊ,BOOK,G,D,396,1378.6
footing,ʊ,BOOK,F,T,320.4,1100.8
could,ʊ,BOOK,K,D,365.6,1580.1
look,ʊ,BOOK,L,K,417.7,1146.7
woods,ʊ,BOOK,W,D,368.4,1285
wouldn't,ʊ,BOOK,W,D,410.7,1456.1
wood,ʊ,BOOK,W,D,382.2,1320.6
should,ʊ,BOOK,SH,D,374.1,1514.3
putting,ʊ,BOOK,P,T,405.5,1110.4
looked,ʊ,BOOK,L,K,433.6,1031.8
looked,ʊ,BOOK,L,K,462.5,1104.7
good,ʊ,BOOK,G,D,353.2,1307.7
put,ʊ,BOOK,P,T,394.8,1005.4
good,ʊ,BOOK,G,D,397.1,1834.6
good,ʊ,BOOK,G,D,346.8,1456.1
book,ʊ,BOOK,B,K,443.4,1033.4
looked,ʊ,BOOK,L,K,413.6,1142.3
good,ʊ,BOOK,G,D,360.8,1500.7
book,ʊ,BOOK,B,K,378.9,961.9
could,ʊ,BOOK,K,D,313.9,1648.4
look,ʊ,BOOK,L,K,404.8,1158.2
cooking,ʊ,BOOK,K,K,304.2,1352.6
should,ʊ,BOOK,SH,D,400.2,1692.1
your,ʊ,BOOK,Y,R,334.3,1358.2
good,ʊ,BOOK,G,D,345.4,1543.7
good,ʊ,BOOK,G,D,372.9,1360
book,ʊ,BOOK,B,K,461.7,1044.3
good,ʊ,BOOK,G,D,416.4,1458.4
your,ʊ,BOOK,Y,R,407.8,1686.8
book,ʊ,BOOK,B,K,418,1031.2
took,ʊ,BOOK,T,K,419.9,1477.6
took,ʊ,BOOK,T,K,369.4,1533.4
sugar,ʊ,BOOK,SH,G,412.2,1433
full,ʊ,BOOK,F,L,466,934.4
look,ʊ,BOOK,L,K,455.8,1433.5
rookie,ʊ,BOOK,R,K,395.1,1363.9
took,ʊ,BOOK,T,K,380.6,937.9
your,ʊ,BOOK,Y,R,379.8,1912.7
could,ʊ,BOOK,K,D,437.3,1664.3
should,ʊ,BOOK,SH,D,282,1293
took,ʊ,BOOK,T,K,494.6,1479.5
looking,ʊ,BOOK,L,K,461.4,1157.6
look,ʊ,BOOK,L,K,440.9,1185.4
moved,u,BOOT,M,V,302.7,1095.3
who,u,BOOT,HH,W,279.4,1076
moose,u,BOOT,M,S,236.4,1030.2
movie,u,BOOT,M,V,248.4,1313.5
exclude,u,BOOT,L,D,311.9,1183.3
room,u,BOOT,R,M,274.9,1413.6
loser,u,BOOT,L,Z,354.1,1338.3
blooms,u,BOOT,L,M,367.1,1263.2
room,u,BOOT,R,M,353.3,1619.2
through,u,BOOT,R,DH,305.7,1537.8
loops,u,BOOT,L,P,320.1,1165.1
move,u,BOOT,M,V,293.1,1144.9
boots,u,BOOT,B,T,308.2,1119.4
group,u,BOOT,R,P,313.8,1304.7
flew,u,BOOT,L,B,408.7,1364.4
whom,u,BOOT,HH,M,337.3,1210.2
including,u,BOOT,L,D,353.6,1188.8
poor,u,BOOT,P,R,366.7,920.7
through,u,BOOT,R,DH,385.9,1104.9
who,u,BOOT,HH,W,391.7,1224
food,u,BOOT,F,D,355.4,1256.7
remove,u,BOOT,M,V,353.6,1138.3
moves,u,BOOT,M,V,367.6,1273.1
who,u,BOOT,HH,HH,392.4,1204.2
roofs,u,BOOT,R,F,376.7,1397
untrue,u,BOOT,R,NA,378.8,1466.8
move,u,BOOT,M,V,334.8,1090
roots,u,BOOT,R,T,324.1,1274.5
movement,u,BOOT,M,V,233.8,1409.3
who,u,BOOT,HH,ER0,397.7,1029.1
moving,u,BOOT,M,V,347.8,1372.9
room,u,BOOT,R,M,317,1408.6
root,u,BOOT,R,T,354.3,1564.1
rooster,u,BOOT,R,S,300.3,1263.2
who,u,BOOT,HH,HH,283.4,903.9
who,u,BOOT,HH,P,297.5,1045.5
lose,u,BOOT,L,Z,335.6,1324.2
balloon,u,BOOT,L,N,380.1,1188.5
blue,u,BOOT,L,T,295.9,1230.2
food,u,BOOT,F,D,304.8,1295.6
who,u,BOOT,HH,AH0,347.6,1139.3
groom,u,BOOT,R,M,272,1297.8
who,u,BOOT,HH,NA,403.2,1320.4
through,u,BOOT,R,N,283.5,1384.9
quarter,ɔ,FOUR,W,R,387.5,773.4
stories,ɔ,FOUR,T,R,363.6,916.9
formed,ɔ,FOUR,F,R,342.2,864
forts,ɔ,FOUR,F,R,352,648.3
four,ɔ,FOUR,F,R,397.6,764.1
more,ɔ,FOUR,M,R,387,761.2
georgia,ɔ,FOUR,JH,R,378.9,959.5
california's,ɔ,FOUR,F,R,380.1,795.5
more,ɔ,FOUR,M,R,420.1,767.4
disorder,ɔ,FOUR,S,R,402.7,1011.7
four,ɔ,FOUR,F,R,406.8,752.1
before,ɔ,FOUR,F,R,439.2,811
performance,ɔ,FOUR,F,R,415.8,677.3
awards,ɔ,FOUR,W,R,396.5,733.8
moral,ɔ,FOUR,M,R,414.1,798.3
board,ɔ,FOUR,B,R,393.9,779.9
corner,ɔ,FOUR,K,R,433.5,700.6
record,ɔ,FOUR,K,R,416.6,882.9
war,ɔ,FOUR,W,R,388.9,668.7
stories,ɔ,FOUR,T,R,359.7,955.8
more,ɔ,FOUR,M,R,380.4,587.2
border,ɔ,FOUR,B,R,373.8,762.9
more,ɔ,FOUR,M,R,388.3,783.3
california,ɔ,FOUR,F,R,396,880.4
story,ɔ,FOUR,T,R,400.4,912.4
orders,ɔ,FOUR,R,R,405.9,869.5
more,ɔ,FOUR,M,R,366.4,611.9
florida,ɔ,FOUR,L,R,392.8,873.1
store,ɔ,FOUR,T,R,406.4,926.9
floor,ɔ,FOUR,L,R,407.2,801.7
more,ɔ,FOUR,M,R,373.6,677.1
mortal,ɔ,FOUR,M,R,399.4,660.4
north,ɔ,FOUR,N,R,395.9,1060.6
short,ɔ,FOUR,SH,R,379.8,862.3
story,ɔ,FOUR,T,R,376,923.7
warning,ɔ,FOUR,W,R,340.1,757.1
more,ɔ,FOUR,M,R,373.9,691.5
door,ɔ,FOUR,D,R,354.6,1047.9
porn,ɔ,FOUR,P,R,357.5,795.3
georgian,ɔ,FOUR,JH,R,372.5,1002.4
georgia,ɔ,FOUR,JH,R,383.4,907.1
forces,ɔ,FOUR,F,R,371.2,687.3
chores,ɔ,FOUR,CH,R,357.1,999.9
forests,ɔ,FOUR,F,R,427.1,808.7
glorious,ɔ,FOUR,L,R,413,931.4
forces,ɔ,FOUR,F,R,346.8,665.4
orbit,ɔ,FOUR,ER0,R,399.2,833.8
more,ɔ,FOUR,M,R,430.9,907.1
more,ɔ,FOUR,M,R,402.9,1022.1
north,ɔ,FOUR,N,R,364.7,994.7
more,ɔ,FOUR,M,R,371.6,645.3
fortune,ɔ,FOUR,F,R,412.1,803.3
war,ɔ,FOUR,W,R,404.7,665.1
porch,ɔ,FOUR,P,R,365.8,961.9
pours,ɔ,FOUR,P,R,396.9,742.1
forehead,ɔ,FOUR,F,R,393.2,743.5
story,ɔ,FOUR,T,R,388.1,960.5
worn,ɔ,FOUR,W,R,426.7,657.9
bore,ɔ,FOUR,B,R,409.5,680.9
northern,ɔ,FOUR,N,R,366.1,809.1
porcelain,ɔ,FOUR,P,R,375,839.7
important,ɔ,FOUR,P,R,387.5,857.6
storage,ɔ,FOUR,T,R,379.4,786.7
more,ɔ,FOUR,M,R,436.7,770
todd,ɑ,LOT,T,D,662.8,1162.4
father,ɑ,LOT,F,DH,601.3,979.6
lot,ɑ,LOT,L,T,692.7,1027.2
stocks,ɑ,LOT,T,K,593.2,1236.1
lot,ɑ,LOT,L,T,612.9,1029.9
crop,ɑ,LOT,R,P,638.4,1094
marijuana,ɑ,LOT,W,N,533.8,873.1
operative,ɑ,LOT,IY0,P,619.1,1090
posture,ɑ,LOT,P,S,719.6,1161.6
possible,ɑ,LOT,P,S,596,951.7
exotic,ɑ,LOT,Z,T,555.5,1166.7
og,ɑ,LOT,NA,G,703.6,1102.1
documents,ɑ,LOT,D,K,573.4,1308.6
ops,ɑ,LOT,SIL,P,623.4,1128.7
allotted,ɑ,LOT,L,T,582.8,1019
hot,ɑ,LOT,HH,T,624.2,1028.1
iraq,ɑ,LOT,R,K,703.4,1195.9
job,ɑ,LOT,JH,B,603.2,1114.2
model,ɑ,LOT,M,D,532.5,1123.9
crockett,ɑ,LOT,R,K,599,1400.6
palmer,ɑ,LOT,P,M,608.5,1028.9
copy,ɑ,LOT,K,P,684.1,1146.2
modeling,ɑ,LOT,M,D,574.7,993.5
contact,ɑ,LOT,K,N,660.7,1139.8
palm,ɑ,LOT,P,M,616.1,1015.5
hotshot,ɑ,LOT,HH,SH,590.8,965.3
john,ɑ,LOT,JH,N,538.7,1183.2
pocket,ɑ,LOT,P,K,598,1027.4
got,ɑ,LOT,G,T,629.7,1334.6
not,ɑ,LOT,N,T,626.7,1332.4
impossible,ɑ,LOT,P,S,501.3,1057.7
palm,ɑ,LOT,P,M,552.3,854.1
non,ɑ,LOT,N,N,625.5,1286.2
squat,ɑ,LOT,W,T,638.7,933.6
not,ɑ,LOT,N,T,608.8,1297.4
body,ɑ,LOT,B,D,695.6,1098.7
boxes,ɑ,LOT,B,K,554.9,1040.4
cottages,ɑ,LOT,K,T,660.8,1210.9
consequences,ɑ,LOT,K,N,597.6,1280.8
box,ɑ,LOT,B,K,650.3,1125.5
lot,ɑ,LOT,L,T,588.8,1056
soccer,ɑ,LOT,S,K,593.4,1072.1
rocks,ɑ,LOT,R,K,648.5,1089.9
shots,ɑ,LOT,SH,T,603.9,1416
non,ɑ,LOT,N,N,626.1,1103.5
property,ɑ,LOT,R,P,691.5,1113.5
stocking,ɑ,LOT,T,K,558.2,1274.4
got,ɑ,LOT,G,T,575.2,1257.6
contact,ɑ,LOT,K,N,649.1,1303.6
lot,ɑ,LOT,L,T,668.7,1044.9
bottle,ɑ,LOT,B,T,593.4,887.4
lot,ɑ,LOT,L,T,690.9,1067.5
dock,ɑ,LOT,D,K,650.4,1275
adopted,ɑ,LOT,D,P,634.4,1349.5
pockets,ɑ,LOT,P,K,683.1,1244.9
fox,ɑ,LOT,F,K,567.7,1088.5
frock,ɑ,LOT,R,K,606.8,1097.6
conference,ɑ,LOT,K,N,593.2,1199
stop,ɑ,LOT,T,P,593.8,1327.7
body,ɑ,LOT,B,D,615.9,1060.5
not,ɑ,LOT,N,T,668.2,1434.4
palm,ɑ,LOT,P,M,582.8,935.5
school,u,POOL,K,L,291.6,678.7
pool,u,POOL,P,L,341.9,779.5
rule,u,POOL,R,L,339.6,954.4
cool,u,POOL,K,L,290.5,827.5
fool,u,POOL,F,L,302,829.6
schools,u,POOL,K,L,325.8,818.4
fool,u,POOL,F,L,307.1,1022.7
school's,u,POOL,K,L,319.9,919.3
pool,u,POOL,P,L,290.4,884.7
cool,u,POOL,K,L,324.5,841
fool,u,POOL,F,L,292.2,824.3
school,u,POOL,K,L,328.5,982.6
rule,u,POOL,R,L,309.7,869.3
gould,u,POOL,G,L,294.2,832.9
school,u,POOL,K,L,335.7,927
school,u,POOL,K,L,309.3,774.3
school,u,POOL,K,L,311.1,902
who,u,POOL,HH,L,278.1,847.7
cool,u,POOL,K,L,251.3,735.3
cool,u,POOL,K,L,286.6,831.3
pool,u,POOL,P,L,276,609
on,ɔ,THOUGHT,NG,N,475.3,1348.1
on,ɔ,THOUGHT,NG,N,425.5,1177.8
on,ɔ,THOUGHT,NA,N,506.4,1341.2
on,ɔ,THOUGHT,D,N,607,1221.4
water,ɔ,THOUGHT,W,T,579.5,939.7
off,ɔ,THOUGHT,T,F,550.2,1152.7
long,ɔ,THOUGHT,L,NG,571.7,991.3
on,ɔ,THOUGHT,IY0,N,576,1078.2
on,ɔ,THOUGHT,T,N,581.1,1132.1
wants,ɔ,THOUGHT,W,N,474.2,935.9
cotton,ɔ,THOUGHT,K,T,646,1170.6
long,ɔ,THOUGHT,L,NG,488.9,931.5
thought,ɔ,THOUGHT,TH,T,622.1,1129.4
on,ɔ,THOUGHT,T,N,623.4,1114.3
walked,ɔ,THOUGHT,W,K,625.9,959.3
on,ɔ,THOUGHT,D,N,470.1,1136.9
talk,ɔ,THOUGHT,T,K,607.3,1092.6
on,ɔ,THOUGHT,D,N,570.1,1328.1
on,ɔ,THOUGHT,D,N,480.5,1220.8
on,ɔ,THOUGHT,IY0,N,472.5,1211.8
often,ɔ,THOUGHT,NA,F,586.3,1121
long,ɔ,THOUGHT,L,NG,531.5,1040.5
draw,ɔ,THOUGHT,R,EY1,496.6,980.6
on,ɔ,THOUGHT,CH,N,596.9,1181.3
on,ɔ,THOUGHT,D,N,683.4,964.1
on,ɔ,THOUGHT,Z,N,576.4,1141.5
on,ɔ,THOUGHT,D,N,544.9,1284.8
on,ɔ,THOUGHT,T,N,410.8,976
talk,ɔ,THOUGHT,T,K,672,1014.2
crossing,ɔ,THOUGHT,R,S,468.9,958.7
on,ɔ,THOUGHT,T,N,441.4,1380.2
launched,ɔ,THOUGHT,L,N,574.6,1002.9
on,ɔ,THOUGHT,M,N,522.6,943.5
washington,ɔ,THOUGHT,W,SH,620.8,961.8
on,ɔ,THOUGHT,K,N,428.3,1318.8
frost,ɔ,THOUGHT,R,S,542.4,1033.2
on,ɔ,THOUGHT,K,N,465.2,1135
on,ɔ,THOUGHT,L,N,442,917.7
on,ɔ,THOUGHT,L,N,409.8,980.1
on,ɔ,THOUGHT,ER0,N,544.2,1204.9
cross,ɔ,THOUGHT,R,S,596.3,1108.6
thought,ɔ,THOUGHT,TH,T,636.5,1079.6
on,ɔ,THOUGHT,V,N,521.1,975
logs,ɔ,THOUGHT,L,G,607.2,939.5
trough,ɔ,THOUGHT,R,F,611.5,1009.4
beyond,ɔ,THOUGHT,IY2,N,564.7,1154.1
on,ɔ,THOUGHT,T,N,623.9,1333
awful,ɔ,THOUGHT,S,F,667.3,1206.2
office,ɔ,THOUGHT,T,F,480.4,1095.9
logs,ɔ,THOUGHT,L,G,558,867.7
on,ɔ,THOUGHT,Z,N,552.4,1085.5
on,ɔ,THOUGHT,D,N,510.4,1180.8
wrong,ɔ,THOUGHT,R,NG,598.1,1019
on,ɔ,THOUGHT,S,N,438.9,1335
on,ɔ,THOUGHT,N,N,639.1,964.3
talking,ɔ,THOUGHT,T,K,618,1155.3
office,ɔ,THOUGHT,V,F,526.2,1001.8
off,ɔ,THOUGHT,ER0,F,658.1,1070.5
dog,ɔ,THOUGHT,D,G,616,1076.3
coffee,ɔ,THOUGHT,K,F,649.2,1115.5
longer,ɔ,THOUGHT,L,NG,490.2,903.1
coffee,ɔ,THOUGHT,K,F,599.3,995.2
on,ɔ,THOUGHT,T,N,503.3,1139.5
on,ɔ,THOUGHT,D,N,523.7,1417.9
haunted,ɔ,THOUGHT,HH,N,587.2,1208.5
on,ɔ,THOUGHT,Z,N,551.7,1227.9
talks,ɔ,THOUGHT,T,K,632.4,1013.2
thought,ɔ,THOUGHT,TH,T,611.4,1207.2
on,ɔ,THOUGHT,IY1,N,547.3,1414
log,ɔ,THOUGHT,L,G,581.6,1046.6
don't,o,TOE,D,N,411.8,1415.3
know,o,TOE,N,P,367.9,1542.1
zone,o,TOE,Z,N,465.9,1429.9
notices,o,TOE,N,T,356,1525
no,o,TOE,N,S,381,1101.6
so,o,TOE,S,K,418.7,1211.7
sofa,o,TOE,S,F,426.3,1199
no,o,TOE,N,P,387.6,1425.8
know,o,TOE,N,EY1,443.9,1359.8
noticed,o,TOE,N,T,471.4,1508.8
know,o,TOE,N,M,438.5,1453.1
no,o,TOE,N,K,496.1,1430.4
know,o,TOE,N,S,335.6,1728
no,o,TOE,N,M,394.3,1198.7
sewed,o,TOE,S,D,388,1199
overlooking,o,TOE,Z,V,421.2,890.3
so,o,TOE,S,NA,521.4,1066.6
no,o,TOE,N,K,425.8,1418.6
so,o,TOE,S,DH,443.1,1208.2
so,o,TOE,S,AH0,466.3,1433.8
know,o,TOE,N,W,414.2,1691.9
notes,o,TOE,N,T,421.8,1404.1
known,o,TOE,N,N,429.4,1519.2
noted,o,TOE,N,T,407.2,1720.6
noticed,o,TOE,N,T,351.3,1381.9
noted,o,TOE,N,T,442.7,1404.1
know,o,TOE,N,HH,527,1424.4
opened,o,TOE,Z,P,396.1,1125.6
know,o,TOE,N,HH,376.6,1030.8
don't,o,TOE,D,N,453.2,1545
jones,o,TOE,JH,N,477.6,1388.5
open,o,TOE,T,P,435.6,1023.5
don't,o,TOE,D,N,484.2,1475.7
know,o,TOE,N,F,454.1,1501.9
total,o,TOE,T,T,367.7,1229.6
no,o,TOE,N,TH,428.5,1603.1
over,o,TOE,T,V,423.7,1093.6
no,o,TOE,N,SH,361,1772.4
know,o,TOE,N,IH0,333,1681.4
donated,o,TOE,D,N,414.2,1397.9
no,o,TOE,N,HH,507.7,1289.3
snow,o,TOE,N,F,402.9,1335.6
known,o,TOE,N,N,456.8,1286.8
so,o,TOE,S,S,447.9,1405.1
bordeaux,o,TOE,D,W,438.8,1637.1
so,o,TOE,S,F,452.5,1157.8
accusing,u,TOOT,Y,Z,358.4,1774
juicy,u,TOOT,JH,S,243.8,1648.4
duties,u,TOOT,D,T,302.8,1809.5
viewers,u,TOOT,Y,ER0,398.3,1555.7
soon,u,TOOT,S,N,338,1758.6
two,u,TOOT,T,NA,373.9,1932
two,u,TOOT,T,SH,423.9,1796.1
use,u,TOOT,Y,Z,284,1539.7
students,u,TOOT,T,D,351.8,1685.8
doing,u,TOOT,D,IH0,346.8,1504.5
student,u,TOOT,T,D,313.9,1678.2
students,u,TOOT,T,D,338.3,1728.1
jewish,u,TOOT,JH,IH0,305.9,1396.5
do,u,TOOT,D,N,389.2,1832.3
opportunity,u,TOOT,T,N,333.4,1753
human,u,TOOT,Y,M,288.9,1511.4
few,u,TOOT,Y,S,315.3,1744.5
students,u,TOOT,T,D,314,1695.8
viewing,u,TOOT,Y,IH0,306.1,1531.4
use,u,TOOT,Y,Z,316,1617.6
huge,u,TOOT,Y,JH,268.1,1783.5
students,u,TOOT,T,D,299.7,1572
institution,u,TOOT,T,SH,303,1728.8
newt,u,TOOT,N,T,375.8,1499.6
students,u,TOOT,T,D,412.6,1707.7
student,u,TOOT,T,D,337.6,1731.5
dues,u,TOOT,D,Z,293.9,1613.3
numerous,u,TOOT,N,M,372.7,1472.4
new,u,TOOT,Y,P,419.7,1807.9
new,u,TOOT,Y,P,336.8,1692.4
human,u,TOOT,Y,M,308.1,1648.4
human,u,TOOT,Y,M,368,1680.7
super,u,TOOT,S,P,317.9,1718.4
students,u,TOOT,T,D,336.1,1746.6
too,u,TOOT,T,W,366.7,1698
unit,u,TOOT,Y,N,413.7,1836.7
two,u,TOOT,T,TH,277.8,1845
pew,u,TOOT,Y,IH1,312.4,1368.4
new,u,TOOT,Y,K,322.1,1497.6
dude,u,TOOT,D,D,295.8,1741.3
produces,u,TOOT,D,S,311.1,1659.1
opportunities,u,TOOT,T,N,366.8,1698.4
u.,u,TOOT,Y,EH1,304.4,1412
numerous,u,TOOT,N,M,260.6,1771.2
student,u,TOOT,T,D,318,1511.1
few,u,TOOT,Y,V,297.5,1401.9
news,u,TOOT,Y,Z,328,1646.8
use,u,TOOT,Y,Z,280.3,1793.6
do,u,TOOT,D,W,319.2,1864
ensued,u,TOOT,S,D,404.1,1820.3
refuse,u,TOOT,Y,Z,276.6,1720.9
u.,u,TOOT,Y,EH1,311.5,1456.1
cue,u,TOOT,Y,DH,336.2,1653.5
doing,u,TOOT,D,IH0,403.2,1858.1
knew,u,TOOT,Y,W,324.9,1461.4
humans,u,TOOT,Y,M,378.5,1781.3
chooses,u,TOOT,CH,Z,291.5,1706.7
new,u,TOOT,Y,D,289.1,1505.1
